{
    "secret_chat": {
        "name": "**Шифратор переписки**",
        "version": "1.0",
        "desc": "Шифрует твои сообщения так, что прочитать их можно только командой ",
        "cmd": ".dec",
        "hidden": false
    },
    "test_ping": {
        "name": "🏓 Тестовый Пинг",
        "version": "1.0",
        "desc": "Проверка работы модулей и скорости бота.",
        "cmd": ".ping",
        "hidden": false
    },
    "edit_tracker": {
        "name": "Следи за редакцией",
        "version": "2.0",
        "desc": "Ловит измененные сообщения в чатах и присылает старый текст (что было написано до изменения) в группу логов.",
        "cmd": ".editlog",
        "hidden": false
    },
    "ip_logger": {
        "name": "IP-Логгер",
        "version": "1.0",
        "desc": "Создает ссылку для кражи IP и геолокации.",
        "cmd": ".link <ссылка>",
        "hidden": false
    }
}