{
    "secret_chat": {
        "name": "🔐 Шифратор",
        "version": "1.0",
        "desc": "Шифрует сообщения в нечитаемый код. Читается через .dec",
        "cmd": ".enc, .dec",
        "hidden": false
    },
    "test_ping": {
        "name": "🏓 Тестовый Пинг",
        "version": "1.0",
        "desc": "Проверка работы модулей и скорости бота.",
        "cmd": ".ping",
        "hidden": false
    },
    "edit_tracker": {
        "name": "Следи за редакцией",
        "version": "2.0",
        "desc": "Ловит измененные сообщения в чатах и присылает старый текст (что было написано до изменения) в группу логов.",
        "cmd": ".editlog",
        "hidden": false
    },
    "ip_logger": {
        "name": "IP-Логгер",
        "version": "1.0",
        "desc": "Создает ссылку для кражи IP и геолокации.",
        "cmd": ".link <ссылка>",
        "hidden": false
    },
    "v2t": {
        "name": "🗣 ГС в Текст",
        "version": "1.0",
        "desc": "Переводит голосовые сообщения в текст (через Google Speech API бота).",
        "cmd": ".v2t",
        "hidden": false
    },
    "biohistory": {
        "name": "BioHistory",
        "version": "1.0",
        "desc": "модуль тихо записывает изменения профилей всех, с кем ты общаешься.\nДействие: Пишешь .history @user, и бот выдает список: \"Вчера его звали Sasha, сегодня AlexCrypto\".",
        "cmd": ".history",
        "hidden": false
    }
}